,Product_Url,Product_Name,Product Price,Rating,Number of reviews,Description,ASIN,Product Description,Manufacturer
0,https://www.amazon.in/sspa/click?ie=UTF8&spc=MTo0NDEzMzA1NzM3NzcxNjg3OjE2Nzk0ODUyMDk6c3BfYXRmOjIwMTEyMDk2MzE3NTk4OjowOjo&url=%2Fuppercase-Professional-Anti-theft-resistant-sustainable%2Fdp%2FB0BSH4H4DB%2Fref%3Dsr_1_1_sspa%3Fkeywords%3Dbags%26qid%3D1679485209%26sr%3D8-1-spons%26sp_csd%3Dd2lkZ2V0TmFtZT1zcF9hdGY%26psc%3D1,"uppercase Matrix Professional Anti-theft Laptop Backpack (15.6 Inch) 3x more water resistant sustainable bags with rain proof zippers for Men, Women, Boys and Girls, 750 Days warranty","₹2,300",4.2 out of 5,12 global ratings,"Care Instructions: Wipe with Damp Cloth
Handcrafted with care and made up of premium quality robust material
Padded anti-theft laptop compartment fits up to 15.6"" Laptop and a tablet compartment; Zipper Pocket in front along with a slip In Pocket in front; Internal Organisers with a bottle holder on the side
Wrinkle free bag and 3x more water resistant with Rainproof zippers; Trolley sleeve to securely place the bags on the luggage; Comfortable Padded shoulder straps
GRS certified for sustainability; The GRS (Global Recycled Standard) is intended for use with any product that contains at least 50% Recycled Material (License No. CMPY-158596); 750 days of international warranty",B0BSH4H4DB,"Product Dimensions : 15 x 29.5 x 42.5 cm; 642 Grams
Date First Available : 17 January 2023
Manufacturer : Acefour Accessories Pvt. Ltd.
ASIN : B0BSH4H4DB
Item model number : 3500EBP1BLK
Country of Origin : India
Department : unisex-adult
Manufacturer : Acefour Accessories Pvt. Ltd., Acefour Accessories Pvt. Ltd. , Lodha Supremus Corp. Tower, Unit 1202,12th Floor,Saki Vihar road, Chandivali, Tunga Village, Opp. MTNL office, Andheri E, Mumbai -400072, Maharashtra, India
Packer : Acefour Accessories Pvt. Ltd.
Item Weight : 642 g
Item Dimensions LxWxH : 15 x 29.5 x 42.5 Centimeters
Net Quantity : 1.00 count","Acefour Accessories Pvt. Ltd., Acefour Accessories Pvt. Ltd. , Lodha Supremus Corp. Tower, Unit 1202,12th Floor,Saki Vihar road, Chandivali, Tunga Village, Opp. MTNL office, Andheri E, Mumbai -400072, Maharashtra, India"
1,https://www.amazon.in/sspa/click?ie=UTF8&spc=MTo0NDEzMzA1NzM3NzcxNjg3OjE2Nzk0ODUyMDk6c3BfYXRmOjIwMDY1NTMzNjg0Njk4OjowOjo&url=%2FPOLICE-ltrs-cms-backpack-PTO020008_1_black%2Fdp%2FB0B81YTTWS%2Fref%3Dsr_1_2_sspa%3Fkeywords%3Dbags%26qid%3D1679485209%26sr%3D8-2-spons%26sp_csd%3Dd2lkZ2V0TmFtZT1zcF9hdGY%26psc%3D1,"uppercase Medium 23 Ltrs Tall Boy (14.6 inch) Laptop Backpack 2500EBP1 3x more water resistant sustainable bag with rain proof zippers for Men, Women, Boys and Girls, 750 Days warranty","₹1,700",4.1 out of 5,187 global ratings,"Care Instructions: Wipe with Damp Cloth
Handcrafted with care and made up of premium quality robust material, Wrinkle free bag and 3x more water resistant with Rainproof zippers",B0B81YTTWS,"Product Dimensions : 16.2 x 30.5 x 46 cm; 0.55 Grams
Date First Available : 29 July 2022
Manufacturer : Acefour Accessories Pvt. Ltd.
ASIN : B0B81YTTWS
Item model number : 2500EBP1BLU
Country of Origin : India
Department : unisex-adult
Manufacturer : Acefour Accessories Pvt. Ltd., Acefour Accessories Pvt. Ltd. , Lodha Supremus Corp. Tower, Unit 1202,12th Floor,Saki Vihar road, Chandivali, Tunga Village, Opp. MTNL office, Andheri E, Mumbai -400072, Maharashtra, India
Item Weight : 0.55 g
Item Dimensions LxWxH : 16.2 x 30.5 x 46 Centimeters
Net Quantity : 1.00 count","Acefour Accessories Pvt. Ltd., Acefour Accessories Pvt. Ltd. , Lodha Supremus Corp. Tower, Unit 1202,12th Floor,Saki Vihar road, Chandivali, Tunga Village, Opp. MTNL office, Andheri E, Mumbai -400072, Maharashtra, India"
6,https://www.amazon.in/Skybags-Brat-Black-Casual-Backpack/dp/B08Z1HHHTD/ref=sr_1_6?keywords=bags&qid=1679485209&sr=8-6,Skybags Brat Black 46 Cms Casual Backpack,₹649,4.1 out of 5,"3,780 global ratings","Combination of functional & safety features in stylish design, Soft mesh back with 8 mm foam padded 2 Main Compartment, 1 Slip In Pocket inside the bag, Printed Design, Mesh bottle holder on the side,",B08Z1HHHTD,"Product Dimensions : 10.01 x 19.99 x 11.99 cm; 390 Grams
Date First Available : 15 March 2021
Manufacturer : VIP Industries Ltd
ASIN : B08Z1HHHTD
Manufacturer : VIP Industries Ltd
Item Weight : 390 g
Item Dimensions LxWxH : 10 x 20 x 12 Centimeters",VIP Industries Ltd
9,https://www.amazon.in/GEAR-Black-Blue-Backpack-years/dp/B019HA8AYG/ref=sr_1_9?keywords=bags&qid=1679485209&sr=8-9,Gear CarryOn 16L Foldable Water Resistant School Bag//Backpack/College Bag for Men/Women - Blue Black,₹214,3.7 out of 5,"6,059 global ratings","Outer Material: Polyester, Color: Black and Yellow.Ideal for 3-5 year old children.
Wear Resistant: Wear resistant, Stain resistant, Water Resistance: Water resistant; Dimensions: 49 cms x 33 cms x 10 cms (LxWxH)
Number of compartments: 1; Compatible Laptop Size : 15.4
Warranty Type: Manufacturer; 1 Year from the date of purchase
Pocket Description: Utility Pocket; Color Name: Black And Blue; Age Range Description: Adult; Closure Type: Zipper",B019HA8AYG,"Is Discontinued By Manufacturer : No
Product Dimensions : 49 x 33 x 10 cm; 82 Grams
Date First Available : 17 December 2015
Manufacturer : Gear Merchandise PVT LTD
ASIN : B019HA8AYG
Item model number : BKPCARYON0110
Country of Origin : India
Department : Men
Manufacturer : Gear Merchandise PVT LTD, Gear Merchandise PVT LTD E/12 West Chowbaga Gulshan colony KoLkata-700100 Contact 9830403366
Packer : Gear Merchandise PVT LTD E/12 West Chowbaga Gulshan colony KoLkata-700100 Contact 9830403366
Item Weight : 82 g
Item Dimensions LxWxH : 49 x 33 x 10 Centimeters
Net Quantity : 1 count
Included Components : Backpack
Generic Name : Bag","Gear Merchandise PVT LTD, Gear Merchandise PVT LTD E/12 West Chowbaga Gulshan colony KoLkata-700100 Contact 9830403366"
10,https://www.amazon.in/Half-Moon-Spacious-Backpack-Compartment/dp/B0BLVQ9NTD/ref=sr_1_10?keywords=bags&qid=1679485209&sr=8-10,Half Moon Strike 35L Unisex Spacious School/Laptop/College/Office Travel Backpack Bag for Men Women Boys & Girls with 15.6 inch Padded Laptop Compartment & Multiple Pockets,₹699,3.7 out of 5,116 global ratings,"MULTI-FUNCTION COMPARTMENT: HALF MOON laptop bag for men features multiple storage compartments and features for additional supplies and accessories as your, iPhone, iPad, pen, keys, wallet, books, clothes, bottle, passport and more.
DURABLE MATERIAL: The Laptop bag for men / backpack for men has superior quality durable eco-friendly waterproof and anti-scratch polyester and this office bag for men / Laptop backpacks for men features a reinforced bottom to withstand heavy use, perfect for business, travel, school and other outdoor activities.
COMFORTABLE DESIGN IN LAPTOP BAG FOR MEN: Our backpack for men’s ""S"" Curve adjustable, heavily padded shoulder straps and back panel make the college bags for men comfortable to wear even when loaded with all your gear; Compact: The backpack for men / college bags for men has a roomy three compartment, front zipper pockets to hold small accessories, one internal security zippered pocket for valuable items and side pockets for water bottle or umbrella.
SIZE OF LAPTOP BAG FOR MEN:18*13*10 inch(L*W*H), Capacity: The office bag for men has capacity of 35L which is bigger than others of the same style. Good size for school, camping, travel, shopping, hiking, climbing, vintage backpack for men and office bag for women.
OTHER FEATURES OF OFFICE BAG FOR MEN: The office bag for men and office bag for women has laptop compartment, Internal Organiser (Small Pockets), Strong and durable zippers, Adjustable Shoulder Handles (Straps) , 2 Bottle/Umbrella holders , Padded Handle , Padded Laptop Compartment , Ergonomic Design, Reflector Logo, etc.",B0BLVQ9NTD,"Product Dimensions : 45 x 33 x 25 cm; 450 Grams
Date First Available : 9 November 2022
Manufacturer : Half_Moon (AB Amazing Bags)
ASIN : B0BLVQ9NTD
Item model number : Strike35_MT
Country of Origin : India
Department : unisex-adult
Manufacturer : Half_Moon (AB Amazing Bags)
Item Weight : 450 g
Item Dimensions LxWxH : 45 x 33 x 25 Centimeters",Half_Moon (AB Amazing Bags)
12,https://www.amazon.in/sspa/click?ie=UTF8&spc=MTo0NDEzMzA1NzM3NzcxNjg3OjE2Nzk0ODUyMDk6c3BfbXRmOjIwMDkxMDg5MjQ2Nzk4OjowOjo&url=%2FHalf-Moon-Backpack-Luggage-Compartment%2Fdp%2FB09VCLZ3K4%2Fref%3Dsr_1_12_sspa%3Fkeywords%3Dbags%26qid%3D1679485209%26sr%3D8-12-spons%26sp_csd%3Dd2lkZ2V0TmFtZT1zcF9tdGY%26psc%3D1,Half Moon Large 37L Laptop Bag Backpack for menं Women Boys and Girls Luggage Travel Bags with 17.3 inches Laptop Compartment & Rain Cover,₹849,3.9 out of 5,"2,344 global ratings","SPACIOUS AND LIGHTWEIGHT: Light weight & spacious laptop bag for men comes with 3 compartments. One is for carrying laptop inside (Upto 17""), with padding for safety, and space for laptop accessories like charger, etc. Second compartment of office bag for men is for books, files & all your day to day essentials. And third compartment of backpack for men is for your extra stuff. Laptop backpacks for men has provision for holding bottles on both sides & has padded shoulder straps for your comfort
COMFORT WITH QUALITY: This backpack for men has Wide, Padded & Adjustable shoulder straps & Padded Back for comfort in carrying heavy items. The laptop bag for men is stitched properly & Bartacks on every pressure point for extra durability. The office bag for men are made with strong yet light weight polyester fabric with heavy zippers. College Bags for men also comes with a Rain cover so that you can travel during rainy season without any problem. This laptop bag can be used by everyone.
SMART & TRENDY LOOKS: This Large backpack for men is smart, trendy and stylish in looks. The multipurpose college bags for men looks smart, athletic and venturesome and the blend of grey and red makes it appear exquisite. Your hiking trips, mountaineering experience cannot get completed without this amazing trekking backpack.
ENDURING & LONG LASTING LAPTOP BACKPACK: This trekking backpack for men / laptop bag for men is made up of highly durable material, which makes it suitable for all weather conditions including heavy rains and extreme scorching heat. It will not only keep the inside stuff safe but will also resist damage to itself.
OTHER FEATURES OF LAPTOP BAG FOR MEN: The office bag for men / office bag for women has Rain Cover, 17 inch Laptop compartment, Internal Organiser (Small Pockets), Strong and durable zippers, Adjustable Shoulder Handles (Straps) , 2 Bottle/Umbrella holders , Padded Handle , Padded Laptop Compartment , Ergonomic Design, Reflector Logo, etc.",B09VCLZ3K4,"Product Dimensions : 22 x 30 x 50 cm; 670 Grams
Date First Available : 11 March 2022
Manufacturer : Amazing Bags
ASIN : B09VCLZ3K4
Item model number : laptop bag
Country of Origin : India
Department : unisex-adult
Manufacturer : Amazing Bags
Item Weight : 670 g
Item Dimensions LxWxH : 22 x 30 x 50 Centimeters",Amazing Bags
13,https://www.amazon.in/SAFARI-Ltrs-Casual-Backpack-DAYPACKNEO15CBSEB/dp/B07Q7CNPMV/ref=sr_1_13?keywords=bags&qid=1679485209&sr=8-13,SAFARI 15 Ltrs Sea Blue Casual/School/College Backpack (DAYPACKNEO15CBSEB),₹299,4 out of 5,"18,019 global ratings","Outer Material: Polyester, Color: Sea Blue
Not water resistant. With Rain Cover:No
Capacity: 15 liters; Weight: 200 grams; Dimensions: 12 cms x 27 cms x 41 cms (LxWxH)
Number of compartments: 2; Laptop Compatibility: No
Age Range Description: Kid; Closure Type: Drawstring; Pocket Description: Utility Pocket
Drawstring, 2 Compartments, Compact Size",B07Q7CNPMV,"Product Dimensions : 32 x 29.5 x 47 cm; 490 Grams
Date First Available : 27 March 2019
Manufacturer : Safari Industries (India) Ltd
ASIN : B07Q7CNPMV
Item model number : DAYPACKNEO15CBSEB
Country of Origin : China
Department : unisex-adult
Manufacturer : Safari Industries (India) Ltd, Safari Industries Ltd 301/302, A-Wing, The Qube, M.V.Road, Marol, Andheri(East), Near international Airport Mumbai- 400059 +91-22-40381851/838
Packer : Safari Industries Ltd 301/302, A-Wing, The Qube, M.V.Road, Marol, Andheri(East), Near international Airport Mumbai- 400059 +91-22-40381851/838
Importer : Imported and Marketed by Safari Industries Ltd 301/302, A-Wing, The Qube, M.V.Road, Marol, Andheri(East), Near international Airport Mumbai- 400059 +91-22-40381851/838
Item Weight : 490 g
Item Dimensions LxWxH : 32 x 29.5 x 47 Centimeters
Net Quantity : 1 Count
Included Components : SAFARI 15 Ltrs Sea Blue Casual Backpack (DAYPACKNEO15CBSEB)
Generic Name : Backpack","Safari Industries (India) Ltd, Safari Industries Ltd 301/302, A-Wing, The Qube, M.V.Road, Marol, Andheri(East), Near international Airport Mumbai- 400059 +91-22-40381851/838"
14,https://www.amazon.in/Half-Moon-Backpack-Compartment-Reflective/dp/B0BJ32LQ6X/ref=sr_1_14?keywords=bags&qid=1679485209&sr=8-14,Half Moon Large 37L Laptop Bag Backpack for menं Women Boys and Girls Luggage Travel Bags with 17.3 inches Laptop Compartment & Rain Cover,₹849,3.9 out of 5,"2,344 global ratings","SPACIOUS AND LIGHTWEIGHT: Light weight & spacious laptop bag for men comes with 3 compartments. One is for carrying laptop inside (Upto 17""), with padding for safety, and space for laptop accessories like charger, etc. Second compartment of office bag for men is for books, files & all your day to day essentials. And third compartment of backpack for men is for your extra stuff. Laptop backpacks for men has provision for holding bottles on both sides & has padded shoulder straps for your comfort
COMFORT WITH QUALITY: This backpack for men has Wide, Padded & Adjustable shoulder straps & Padded Back for comfort in carrying heavy items. The laptop bag for men is stitched properly & Bartacks on every pressure point for extra durability. The office bag for men are made with strong yet light weight polyester fabric with heavy zippers. College Bags for men also comes with a Rain cover so that you can travel during rainy season without any problem. This laptop bag can be used by everyone.
SMART & TRENDY LOOKS: This Large backpack for men is smart, trendy and stylish in looks. The multipurpose college bags for men looks smart, athletic and venturesome and the blend of grey and red makes it appear exquisite. Your hiking trips, mountaineering experience cannot get completed without this amazing trekking backpack.
ENDURING & LONG LASTING LAPTOP BACKPACK: This trekking backpack for men / laptop bag for men is made up of highly durable material, which makes it suitable for all weather conditions including heavy rains and extreme scorching heat. It will not only keep the inside stuff safe but will also resist damage to itself.
OTHER FEATURES OF LAPTOP BAG FOR MEN: The office bag for men / office bag for women has Rain Cover, 17 inch Laptop compartment, Internal Organiser (Small Pockets), Strong and durable zippers, Adjustable Shoulder Handles (Straps) , 2 Bottle/Umbrella holders , Padded Handle , Padded Laptop Compartment , Ergonomic Design, Reflector Logo, etc.",B0BJ32LQ6X,"Product Dimensions : 22 x 30 x 50 cm; 660 Grams
Date First Available : 13 October 2022
Manufacturer : Amazing Bags
ASIN : B0BJ32LQ6X
Item model number : laptop bag
Country of Origin : India
Department : unisex-adult
Manufacturer : Amazing Bags
Item Weight : 660 g
Item Dimensions LxWxH : 22 x 30 x 50 Centimeters
Generic Name : bag",Amazing Bags
15,https://www.amazon.in/Half-Moon-Waterproof-Backpack-Students/dp/B085MHDJ93/ref=sr_1_15?keywords=bags&qid=1679485209&sr=8-15,"Half Moon 35L Water Resistant 15.6 inch Laptop Bag for Men/Backpack for Men, Navy Blue | Office Bag for Men/Office Bag for Women with Padded Laptop Compartment | Rain Cover & Reflective Strips",₹689,3.9 out of 5,"15,256 global ratings","SPACIOUS AND LIGHTWEIGHT: Light weight & spacious laptop bag for men comes with 3 compartments. One is for carrying laptop inside (Upto 17""), with padding for safety, and space for laptop accessories like charger, etc. Second compartment of office bag for men is for books, files & all your day to day essentials. And third compartment of backpack for men is for your extra stuff. Laptop backpacks for men has provision for holding bottles on both sides & has padded shoulder straps for your comfort
COMFORT WITH QUALITY: This backpack for men has Wide, Padded & Adjustable shoulder straps & Padded Back for comfort in carrying heavy items. The laptop bag for men is stitched properly & Bartacks on every pressure point for extra durability. The office bag for men are made with strong yet light weight polyester fabric with heavy zippers. College Bags for men also comes with a Rain cover so that you can travel during rainy season without any problem. This laptop bag can be used by everyone.
SMART & TRENDY LOOKS: This Large backpack for men is smart, trendy and stylish in looks. The multipurpose college bags for men looks smart, athletic and venturesome and the blend of grey and red makes it appear exquisite. Your hiking trips, mountaineering experience cannot get completed without this amazing trekking backpack. PREMIUM FABRIC : Premium Polyester, Stylish and durable backpack for school /college and travel. Easily accommodate a laptop. Size: 45 cm X 31 cm X 22 cm
ENDURING & LONG LASTING LAPTOP BACKPACK: This trekking backpack for men/laptop bag for men is made up of highly durable material, which makes it suitable for all weather conditions including rains & extreme scorching heat. It will not only keep the inside stuff safe but will also resist damage to itself. We have designed the bag keeping your comfort in mind. Shoulder has high density padding, with 3D ventilated air foam padding to prevent sweating & to help you lift heavy objects easily.
OTHER FEATURES OF LAPTOP BAG FOR MEN: The office bag for men / office bag for women has Strong and durable zippers, Adjustable Shoulder Handles (Straps) , 2 Bottle/Umbrella holders , Padded Handle , Padded Laptop Compartment (can carry laptops of size 13, 14, 15.6 & 17 inches), Reflector Logo.",B085MHDJ93,"Product Dimensions : 21 x 33 x 48 cm; 600 Grams
Date First Available : 28 February 2020
Manufacturer : Amazing Bags
ASIN : B085MHDJ93
Item model number : bag for men
Country of Origin : India
Department : Unisex Adult and Child
Manufacturer : Amazing Bags, Half_Moon, New Delhi
Item Weight : 600 g
Item Dimensions LxWxH : 21 x 33 x 48 Centimeters
Generic Name : laptop bag","Amazing Bags, Half_Moon, New Delhi"
16,https://www.amazon.in/Number-Backpack-Compartment-Charging-Organizer/dp/B09VTCNN75/ref=sr_1_16?keywords=bags&qid=1679485209&sr=8-16,"FUR JADEN Anti Theft Number Lock Backpack Bag with 15.6 Inch Laptop Compartment, USB Charging Port & Organizer Pocket for Men Women Boys Girls",₹689,3.9 out of 5,"3,131 global ratings","Care Instructions: Wipe with Damp Cloth
Number Lock: This Fur Jaden Anti Theft laptop backpack comes equipped with a Number Lock. This helps keep your laptop and other belongings safe when you need to leave your bag unattended in a public space. The number lock sequence can be changed and customised by your directly.<br>
USB Charging Port: Now charge your devices on the go with your new Fur Jaden backpack without the hassle of carrying a bulk power bank in your pocket/ hand at all times.<br>
Ergonomic Design: This backpack has been designed to ensure equal weight distribution on your shoulders along with padded shoulder straps and breathable air mesh on the back.<br>
Dimension: 42 CM (L) x 30 CM (W) x 18 CM (D). Storage Capacity: 25L. Weight: 600 Grams; Warranty: 1 Year Manufacturer Warranty against Manufacturing Defects<br>
Closure Type: Zipper; Lining Description: Polyester; Age Range Description: Adult<br>",B09VTCNN75,"Product Dimensions : 30 x 18 x 42 cm; 700 Grams
Date First Available : 17 March 2022
Manufacturer : FUR JADEN
ASIN : B09VTCNN75
Item model number : BM83
Country of Origin : India
Department : unisex-adult
Manufacturer : FUR JADEN, Fur Jaden, 3C Jai Hind Bld, Dr AM Road, Bhuleshwar, Mumbai 400002
Packer : Fur Jaden, 3C Jai Hind Bld, Dr AM Road, Bhuleshwar, Mumbai 400002
Item Weight : 700 g
Item Dimensions LxWxH : 30 x 18 x 42 Centimeters
Net Quantity : 1.00 Unit
Generic Name : Anti Theft Laptop Backpack","FUR JADEN, Fur Jaden, 3C Jai Hind Bld, Dr AM Road, Bhuleshwar, Mumbai 400002"
19,https://www.amazon.in/Gear-Classic-Leather-Backpack-LBPCLSLTH0201/dp/B07G4F6XFH/ref=sr_1_19?keywords=bags&qid=1679485209&sr=8-19,Gear Classic 20L Faux Leather Water Resistant Anti Theft Laptop Bag/Backpack for Men/Women-Brown,"₹1,075",4.4 out of 5,"5,457 global ratings","Outer material: synthetic, color: brown
Waterproof
Capacity: 20 liters; Weight: 560 grams; Dimensions: 48 cms x 32 cms x 14 cms (LxWxH)
Number of compartments: 2
Laptop compatibility: yes, laptop size: 16strap type: adjustable
Anti theft waterproof bag with anti sweat fabric on back and shoulder straps
USB and headphone cable slot",B07G4F6XFH,"Product Dimensions : 48 x 32 x 14 cm; 558 Grams
Date First Available : 2 August 2018
Manufacturer : Gear Merchandise PVT LTD
ASIN : B07G4F6XFH
Item model number : LBPCLSLTH0201
Country of Origin : India
Department : unisex-adult
Manufacturer : Gear Merchandise PVT LTD, Gear Merchandise PVT LTD E/12 West Chowbaga Gulshan colony KoLkata-700100 Contact 9830403366
Packer : Gear Merchandise PVT LTD E/12 West Chowbaga Gulshan colony KoLkata-700100 Contact 9830403366
Item Weight : 558 g
Item Dimensions LxWxH : 48 x 32 x 14 Centimeters
Net Quantity : 1 count
Included Components : Laptop Backpack
Generic Name : Laptop Backpack","Gear Merchandise PVT LTD, Gear Merchandise PVT LTD E/12 West Chowbaga Gulshan colony KoLkata-700100 Contact 9830403366"
20,https://www.amazon.in/Safari-Laptop-Backpack-Resistant-Fabric/dp/B09B25Z8M2/ref=sr_1_20?keywords=bags&qid=1679485209&sr=8-20,"Safari Quill Laptop Backpack 26 Ltrs Water Resistant Fabric - Black, L (QUILL19CBBLK)",₹799,3.9 out of 5,719 global ratings,"100% Polyester, High Quality, Durable and Water Resistant Fabric
2 compartment backpack with a padded sleeve for laptops, can hold upto 17 inch laptop/notebook
Front storage pocket keeps smaller items neatly organized and easy to access
Mesh Padding on back & shoulder strap to provide comfort & better back support; 1-year International Warranty against manufacturing defects
Age Range Description: Adult; Closure Type: Zipper; Special Features: Lightweight",B09B25Z8M2,"Product Dimensions : 46 x 32 x 16 cm; 350 Grams
Date First Available : 22 July 2021
Manufacturer : Safari Industries
ASIN : B09B25Z8M2
Item model number : QUILL19CBBLK
Country of Origin : India
Department : unisex-adult
Manufacturer : Safari Industries, 302-303, A Wing, The Qube CTS No.1498, A/2, Sir Mathuradas Vasanji Rd, Marol, Andheri East, Mumbai, Maharashtra 400059
Packer : 302-303, A Wing, The Qube CTS No.1498, A/2, Sir Mathuradas Vasanji Rd, Marol, Andheri East, Mumbai, Maharashtra 400059
Importer : 302-303, A Wing, The Qube CTS No.1498, A/2, Sir Mathuradas Vasanji Rd, Marol, Andheri East, Mumbai, Maharashtra 400059
Item Weight : 350 g
Item Dimensions LxWxH : 46 x 32 x 16 Centimeters
Generic Name : Laptop Backpack","Safari Industries, 302-303, A Wing, The Qube CTS No.1498, A/2, Sir Mathuradas Vasanji Rd, Marol, Andheri East, Mumbai, Maharashtra 400059"
21,https://www.amazon.in/sspa/click?ie=UTF8&spc=MTo0NDEzMzA1NzM3NzcxNjg3OjE2Nzk0ODUyMDk6c3BfYnRmOjIwMTA1NDUxODUxNTk4OjowOjo&url=%2Fuppercase-Professional-Backpack-resistant-sustainable%2Fdp%2FB0BR1D4SL1%2Fref%3Dsr_1_21_sspa%3Fkeywords%3Dbags%26qid%3D1679485209%26sr%3D8-21-spons%26sp_csd%3Dd2lkZ2V0TmFtZT1zcF9idGY%26psc%3D1,"uppercase Apex Professional Laptop Backpack (15.6 Inch) 3x more water resistant sustainable bags with rain proof zippers for Men, Women, Boys and Girls, 750 Days warranty","₹1,800",4.9 out of 5,17 global ratings,"Care Instructions: Wipe with Damp Cloth
Please reach out to our customer care at +91 8691800800 or email at customercare@uppercase.co.in for warranty registration and any query regarding the product.
Handcrafted with care and made up of premium quality robust material
Padded laptop compartment fits up to 15.6"" Laptop, Back padding with Air mesh; Front access pocket for you to easily carry important small items with a bottle holder on the side
Wrinkle free bag and 3x more water resistant with Rainproof zippers; Trolley sleeve to securely place the bags on the luggage; Top Slip In Pocket
GRS certified for sustainability; The GRS (Global Recycled Standard) is intended for use with any product that contains at least 50% Recycled Material (License No. CMPY-158596); 750 days of international warranty",B0BR1D4SL1,"Product Dimensions : 13.5 x 31 x 44 cm; 590 Grams
Date First Available : 24 December 2022
Manufacturer : Acefour Accessories Pvt. Ltd.
ASIN : B0BR1D4SL1
Item model number : 2700EBP2BLK
Country of Origin : India
Department : unisex-adult
Manufacturer : Acefour Accessories Pvt. Ltd., Acefour Accessories Pvt. Ltd. , Lodha Supremus Corp. Tower, Unit 1202,12th Floor,Saki Vihar road, Chandivali, Tunga Village, Opp. MTNL office, Andheri E, Mumbai -400072, Maharashtra, India
Packer : Acefour Accessories Pvt. Ltd.
Item Weight : 590 g
Item Dimensions LxWxH : 13.5 x 31 x 44 Centimeters
Net Quantity : 1.00 count","Acefour Accessories Pvt. Ltd., Acefour Accessories Pvt. Ltd. , Lodha Supremus Corp. Tower, Unit 1202,12th Floor,Saki Vihar road, Chandivali, Tunga Village, Opp. MTNL office, Andheri E, Mumbai -400072, Maharashtra, India"
25,https://www.amazon.in/sspa/click?ie=UTF8&spc=MTo1OTcyNjU3Mzc3MTY0NTU5OjE2Nzk0ODUyMTY6c3BfYXRmX25leHQ6MjAxMjQzMTEwMjQ4OTg6OjA6Og&url=%2Fuppercase-Backpack-2300EBP1-resistant-sustainable%2Fdp%2FB0BWNCV31F%2Fref%3Dsr_1_18_sspa%3Fkeywords%3Dbags%26qid%3D1679485216%26sr%3D8-18-spons%26sp_csd%3Dd2lkZ2V0TmFtZT1zcF9hdGZfbmV4dA%26psc%3D1,"uppercase Medium 17 Ltrs Vegan Leather (upto 14 inch) Laptop Backpack 2300EBP1 3x more water resistant sustainable bags with rain proof zippers for Men, Women, Boys and Girls, 750 Days warranty","₹1,600",4 out of 5,374 global ratings,"Care Instructions: Wipe with Damp Cloth
Handcrafted with care and made up of premium quality robust material
Wrinkle free bag and 3x more water resistant with Rainproof zippers; Trolley sleeve to securely place the bags on the luggage
Right sized with sturdy stitching; Dimension: (28.2 cm x 14.1 cm x 42.2 cm); Warranty: 750 days international warranty
GRS certified for sustainability; The GRS (Global Recycled Standard) is intended for use with any product that contains at least 50% Recycled Material (License No. CMPY-158596)
Padded laptop compartment fits up to 14”, Back padding with Air mesh; Front access pocket for you to easily carry important small items with two bottle holders on the sides",B0BWNCV31F,"Product Dimensions : 14.1 x 28.2 x 42.2 cm; 599 Grams
Date First Available : 23 February 2023
Manufacturer : Acefour Accessories Pvt. Ltd.
ASIN : B0BWNCV31F
Item model number : 2300EBP1TBL
Country of Origin : India
Department : unisex-adult
Manufacturer : Acefour Accessories Pvt. Ltd., Acefour Accessories Pvt. Ltd. , Lodha Supremus Corp. Tower, Unit 1202,12th Floor,Saki Vihar road, Chandivali, Tunga Village, Opp. MTNL office, Andheri E, Mumbai -400072, Maharashtra, India
Packer : Acefour Accessories Pvt. Ltd.
Item Weight : 599 g
Item Dimensions LxWxH : 14.1 x 28.2 x 42.2 Centimeters
Net Quantity : 1.00 count","Acefour Accessories Pvt. Ltd., Acefour Accessories Pvt. Ltd. , Lodha Supremus Corp. Tower, Unit 1202,12th Floor,Saki Vihar road, Chandivali, Tunga Village, Opp. MTNL office, Andheri E, Mumbai -400072, Maharashtra, India"
27,https://www.amazon.in/ADISA-BP005-Weight-Casual-Backpack/dp/B07F3X45WZ/ref=sr_1_20?keywords=bags&qid=1679485216&sr=8-20,ADISA Light Weight Laptop Backpack 32 Ltrs,₹499,4 out of 5,"5,651 global ratings","Adjustable Shoulder Handles / Two Bottle holders / Padded Handle / Reflector Logo
Dimensions : LxWxH- 31 x 18 x 47 cms
Laptop : 15.6 inches and below (Bigger than 15.6 not recommended)
No. of Compartments : 3 with full padding
NOT INCLUDED : NO RAIN COVER, Laptop, Headphones & Cable (Images only for display)",B07F3X45WZ,"Product Dimensions : 31 x 25 x 46 cm; 430 Grams
Date First Available : 28 June 2018
Manufacturer : ADISA
ASIN : B07F3X45WZ
Item model number : BP005
Country of Origin : India
Department : Men
Manufacturer : ADISA, ADISA INTERNATIONAL, 42/34, Upper Ground Floor, DLF Industrial Area, Kirti Nagar, New Delhi 110015, careadisa@gmail.com
Packer : ADISA INTERNATIONAL, 42/34, Upper Ground Floor, DLF Industrial Area, Kirti Nagar, New Delhi 110015, careadisa@gmail.com
Item Weight : 430 g
Item Dimensions LxWxH : 31 x 25 x 46 Centimeters
Net Quantity : 1.00 Unit
Included Components : Laptop backpack only
Generic Name : Laptop backpack","ADISA, ADISA INTERNATIONAL, 42/34, Upper Ground Floor, DLF Industrial Area, Kirti Nagar, New Delhi 110015, careadisa@gmail.com"
28,https://www.amazon.in/American-Tourister-BACKPACK-COMPARTMENT-ORGANIZER/dp/B0BTD4FK9G/ref=sr_1_21?keywords=bags&qid=1679485216&sr=8-21,"American Tourister VALEX BLUE LAPTOP BACKPACK 28 Ltrs,Volume, LAPTOP COMPARTMENT, BOTTLE POCKET, FRONT ORGANIZER","₹1,299",4.1 out of 5,8 global ratings,"Care Instructions: Hand Wash Only
Well Organized compartment ,Security Back Pocket",B0BTD4FK9G,"Product Dimensions : 20 x 32.5 x 47.5 cm; 510 Grams
Date First Available : 30 January 2023
Manufacturer : EXPERTS
ASIN : B0BTD4FK9G
Item model number : LT9 (0) 01 002
Country of Origin : China
Department : mens
Manufacturer : EXPERTS, China
Packer : China
Importer : Importer Name ltd., Street No. 24/4, New Delhi, India - 110011, Contact: +91-111-000-2400, service@importer.com
Item Weight : 510 g
Item Dimensions LxWxH : 20 x 32.5 x 47.5 Centimeters
Generic Name : BACKPACK","EXPERTS, China"
29,https://www.amazon.in/Half-Moon-Backpack-Luggage-Compartment/dp/B09VCLZ3K4/ref=sr_1_22?keywords=bags&qid=1679485216&sr=8-22,Half Moon Large 37L Laptop Bag Backpack for menं Women Boys and Girls Luggage Travel Bags with 17.3 inches Laptop Compartment & Rain Cover,₹849,3.9 out of 5,"2,344 global ratings","SPACIOUS AND LIGHTWEIGHT: Light weight & spacious laptop bag for men comes with 3 compartments. One is for carrying laptop inside (Upto 17""), with padding for safety, and space for laptop accessories like charger, etc. Second compartment of office bag for men is for books, files & all your day to day essentials. And third compartment of backpack for men is for your extra stuff. Laptop backpacks for men has provision for holding bottles on both sides & has padded shoulder straps for your comfort
COMFORT WITH QUALITY: This backpack for men has Wide, Padded & Adjustable shoulder straps & Padded Back for comfort in carrying heavy items. The laptop bag for men is stitched properly & Bartacks on every pressure point for extra durability. The office bag for men are made with strong yet light weight polyester fabric with heavy zippers. College Bags for men also comes with a Rain cover so that you can travel during rainy season without any problem. This laptop bag can be used by everyone.
SMART & TRENDY LOOKS: This Large backpack for men is smart, trendy and stylish in looks. The multipurpose college bags for men looks smart, athletic and venturesome and the blend of grey and red makes it appear exquisite. Your hiking trips, mountaineering experience cannot get completed without this amazing trekking backpack.
ENDURING & LONG LASTING LAPTOP BACKPACK: This trekking backpack for men / laptop bag for men is made up of highly durable material, which makes it suitable for all weather conditions including heavy rains and extreme scorching heat. It will not only keep the inside stuff safe but will also resist damage to itself.
OTHER FEATURES OF LAPTOP BAG FOR MEN: The office bag for men / office bag for women has Rain Cover, 17 inch Laptop compartment, Internal Organiser (Small Pockets), Strong and durable zippers, Adjustable Shoulder Handles (Straps) , 2 Bottle/Umbrella holders , Padded Handle , Padded Laptop Compartment , Ergonomic Design, Reflector Logo, etc.",B09VCLZ3K4,"Product Dimensions : 22 x 30 x 50 cm; 670 Grams
Date First Available : 11 March 2022
Manufacturer : Amazing Bags
ASIN : B09VCLZ3K4
Item model number : laptop bag
Country of Origin : India
Department : unisex-adult
Manufacturer : Amazing Bags
Item Weight : 670 g
Item Dimensions LxWxH : 22 x 30 x 50 Centimeters",Amazing Bags
31,https://www.amazon.in/Rucksack-Travel-Backpack-Trekking-Compartment/dp/B07YDGQQN5/ref=sr_1_24?keywords=bags&qid=1679485216&sr=8-24,"Fur Jaden 55 LTR Rucksack Travel Backpack Bag for Trekking, Hiking with Shoe Compartment",₹839,4.2 out of 5,"4,961 global ratings","Large sized black and grey colour trekking rucksack for men and women for travel use as well as for trendy college and school students. Huge compartment size that can fit upto several pairs of clothes with ease with separate pocket for shoesMultiple pockets for other accessories and water bottle<br>
External clips to hold a yoga mat on the backside available with this rucksack. Also available on both sides of the rucksack are additional clips which can be used to carry camera stands as well as other climbing equipments<br>
The rucksack features a sleek and ergonomic design with a balanced weight distribution through its shoulder straps and waist strapsThis makes this product a suitable alternative to bulky and unsightly rucksacksThe compact design of this trekking bag helps you to rest it comfortably on your shoulders while accommodating all your essentials with ease<br>
Capacity: 55 L ; weight: 700 grams; dimensions: 35 cms x 25 cms x 65 cms (LxWxH); 1 Year manufacturer warranty against defects; Lining Description: Polyester; Special Features: Back Padding; Pocket Description: Utility Pocket; Style Name: Rucksack Backpacks; Closure Type: Zipper; Age Range Description: Adult; Color Name: Black Grey<br>
Water Resistance Level: Water Resistant; Warranty Description: 1 Year Manufacturer Warranty Against Defects Only<br>",B07YDGQQN5,"Product Dimensions : 35 x 25 x 65 cm; 700 Grams
Date First Available : 24 September 2019
Manufacturer : Fur Jaden
ASIN : B07YDGQQN5
Item model number : BM110_BlackGrey
Country of Origin : India
Manufacturer : Fur Jaden, Fur Jaden 3-C, Jai Hind Bld, Dr AM Road, Bhuleshwar, Mumbai 400002, 8080888028
Packer : Fur Jaden 3-C, Jai Hind Bld, Dr AM Road, Bhuleshwar, Mumbai 400002, 8080888028
Item Weight : 700 g
Item Dimensions LxWxH : 35 x 25 x 65 Centimeters
Net Quantity : 1 count
Included Components : 1 Rucksack
Generic Name : Rucksack","Fur Jaden, Fur Jaden 3-C, Jai Hind Bld, Dr AM Road, Bhuleshwar, Mumbai 400002, 8080888028"
36,https://www.amazon.in/Safari-Backpack-Resistant-Polyester-Travelling/dp/B09B29F66W/ref=sr_1_29?keywords=bags&qid=1679485216&sr=8-29,"Safari Flash Casual Backpack, 26 ltr Water Resistant Travel Bags| Weight Polyester Bagpack for Men and Women, Spacious Shoulder Bag for College, Office, Travelling and Camping",₹799,3.9 out of 5,"2,431 global ratings","HIGH QUALITY FABRIC: Our lightweight yet durable bags are made of 100% polyester and water resistant fabric. This casual backpack can be by boys and girls for school, college, coaching, tution, or everyday outings.
FRONT POCKET: Our trendy unisex bag pack has a front storage pocket that keeps small items neatly organized and easy to access
MESH POCKET: Our fancy and stylish backpacks have mesh pockets on both sides to accommodate your water bottle and umbrella
COMFORT: Our 26 liter bag has mesh padding on back to help carry heavy items. It also provides superior comfort with padded adjustable shoulder straps
WARRANTY: All of our bags come with 1-year International Warranty against manufacturing defects",B09B29F66W,"Product Dimensions : 32 x 46 x 16 cm; 350 Grams
Date First Available : 22 July 2021
Manufacturer : Safari Industries
ASIN : B09B29F66W
Item model number : FLASH19CBBLK
Country of Origin : India
Department : unisex-adult
Manufacturer : Safari Industries, 302-303, A Wing, The Qube CTS No.1498, A/2, Sir Mathuradas Vasanji Rd, Marol, Andheri East, Mumbai, Maharashtra 400059
Packer : 302-303, A Wing, The Qube CTS No.1498, A/2, Sir Mathuradas Vasanji Rd, Marol, Andheri East, Mumbai, Maharashtra 400059
Importer : 302-303, A Wing, The Qube CTS No.1498, A/2, Sir Mathuradas Vasanji Rd, Marol, Andheri East, Mumbai, Maharashtra 400059
Item Weight : 350 g
Item Dimensions LxWxH : 32 x 46 x 16 Centimeters
Generic Name : Backpack","Safari Industries, 302-303, A Wing, The Qube CTS No.1498, A/2, Sir Mathuradas Vasanji Rd, Marol, Andheri East, Mumbai, Maharashtra 400059"
39,https://www.amazon.in/Safari-Laptop-Backpack-Resistant-Fabric/dp/B09B28TKLG/ref=sr_1_32?keywords=bags&qid=1679485216&sr=8-32,"Safari Quill Laptop Backpack 26 Ltrs Water Resistant Fabric - Blue, L (QUILL19CBBLU)",₹799,4.1 out of 5,495 global ratings,"100% Polyester, High Quality, Durable and Water Resistant Fabric
2 compartment backpack with a padded sleeve for laptops, can hold upto 17 inch laptop/notebook
Front storage pocket keeps smaller items neatly organized and easy to access
Mesh Padding on back & shoulder strap to provide comfort & better back support; 1-year International Warranty against manufacturing defects
Special Features: Lightweight; Closure Type: Zipper; Age Range Description: Adult",B09B28TKLG,"Product Dimensions : 12.6 x 18.11 x 6.3 cm; 350 Grams
Date First Available : 22 July 2021
Manufacturer : Safari Industries
ASIN : B09B28TKLG
Item model number : QUILL19CBBLU
Country of Origin : India
Department : unisex-adult
Manufacturer : Safari Industries, 302-303, A Wing, The Qube CTS No.1498, A/2, Sir Mathuradas Vasanji Rd, Marol, Andheri East, Mumbai, Maharashtra 400059
Packer : 302-303, A Wing, The Qube CTS No.1498, A/2, Sir Mathuradas Vasanji Rd, Marol, Andheri East, Mumbai, Maharashtra 400059
Importer : 302-303, A Wing, The Qube CTS No.1498, A/2, Sir Mathuradas Vasanji Rd, Marol, Andheri East, Mumbai, Maharashtra 400059
Item Weight : 350 g
Item Dimensions LxWxH : 12.6 x 18.1 x 6.3 Centimeters
Generic Name : Laptop Backpacks","Safari Industries, 302-303, A Wing, The Qube CTS No.1498, A/2, Sir Mathuradas Vasanji Rd, Marol, Andheri East, Mumbai, Maharashtra 400059"
40,https://www.amazon.in/AirCase-C34-Laptop-Backpack-Women/dp/B07QN4KXWG/ref=sr_1_33?keywords=bags&qid=1679485216&sr=8-33,"AirCase Laptop Bag Backpack Case Pouch for Laptop Backpack for Men & Women,Premium Vegan Leather",₹929,3.9 out of 5,752 global ratings,"Innovative Design: AirCase Laptop Backpack is made of Premium Vegan Leather for your 15.6 Inch Laptop. This Laptop Backpack has 2 Front Pocket and 2 Main Compartment for Laptop, Tablet and other Main compartment for wallets dairy, clothes, etc. There is two way Cortical Tail Zipper with leather pull tail, Fashionable and Novel, keeping up with the current trend.
Large Storage: There is 2 Main Compartment One for 15.6 inch Laptop, Tablet with a secure Velcro closure and other for main compartment for your other belonging like Cloth, Wallet, Book, Diary, etc. There is also 2 front zipper pocket for Mobile, Charger, Power Adapter, Cable, Power Bank, Keys etc.convenient to carry at school college office travelling for students boys girls
Light weight & Durable: It is made of Premium Vegan Leather for 15.6 inch laptop. Ruggedized water-resistant base helps to protect from the elements. Water Resistant Base which protect your belonging from getting wet. waterproof latest smart stylish spacious rucksack luggage tourist travel bagpack.
Shoulder Straps: Breathable Mesh Padding at back which is design for back relief and shoulder straps for extra comfort with adjustable side straps for a better fit.
Specifications:- Work with -15.6"" Laptops and Under, CAPACITY- 22L, DIMENSIONS – 46-cm X 29-cm X 19-cm, WEIGHT - 0.58 kg, WARRANTY – 1 Year under Manufacturing Defect Only.",B07QN4KXWG,"Product Dimensions : 29.01 x 46 x 19 cm; 580 Grams
Date First Available : 11 April 2019
Manufacturer : AirCase
ASIN : B07QN4KXWG
Item model number : C34-P
Country of Origin : India
Department : unisex-adult
Manufacturer : AirCase, Istuff365, Godown No.H-3, Dharam Complex, Thane-421302
Packer : Istuff365, Godown No.H-3, Dharam Complex, Thane-421302
Item Weight : 580 g
Item Dimensions LxWxH : 29 x 46 x 19 Centimeters
Net Quantity : 1 Unit
Included Components : 1 Laptop Backpack
Generic Name : Laptop Backpack","AirCase, Istuff365, Godown No.H-3, Dharam Complex, Thane-421302"
44,https://www.amazon.in/sspa/click?ie=UTF8&spc=MTo1OTcyNjU3Mzc3MTY0NTU5OjE2Nzk0ODUyMTY6c3BfYnRmOjIwMTI1ODk5OTIwNjk4OjowOjo&url=%2Fuppercase-Professional-Backpack-resistant-sustainable%2Fdp%2FB0BWNBQXDZ%2Fref%3Dsr_1_37_sspa%3Fkeywords%3Dbags%26qid%3D1679485216%26sr%3D8-37-spons%26sp_csd%3Dd2lkZ2V0TmFtZT1zcF9idGY%26psc%3D1,"uppercase Apex Professional Laptop Backpack (15.6 Inch) 3x more water resistant sustainable bags with rain proof zippers for Men, Women, Boys and Girls, 750 Days warranty","₹1,800",4.9 out of 5,17 global ratings,"Care Instructions: Wipe with Damp Cloth
Handcrafted with care and made up of premium quality robust material
Padded laptop compartment fits up to 15.6"" Laptop, Back padding with Air mesh; Front access pocket for you to easily carry important small items with a bottle holder on the side
Wrinkle free bag and 3x more water resistant with Rainproof zippers; Trolley sleeve to securely place the bags on the luggage; Top Slip In Pocket
GRS certified for sustainability; The GRS (Global Recycled Standard) is intended for use with any product that contains at least 50% Recycled Material (License No. CMPY-158596); 750 days of international warranty",B0BWNBQXDZ,"Product Dimensions : 13.5 x 31 x 44 cm; 509 Grams
Date First Available : 23 February 2023
Manufacturer : Acefour Accessories Pvt. Ltd.
ASIN : B0BWNBQXDZ
Item model number : 2700EBP2BLU
Country of Origin : India
Department : unisex-adult
Manufacturer : Acefour Accessories Pvt. Ltd., Acefour Accessories Pvt. Ltd. , Lodha Supremus Corp. Tower, Unit 1202,12th Floor,Saki Vihar road, Chandivali, Tunga Village, Opp. MTNL office, Andheri E, Mumbai -400072, Maharashtra, India
Packer : Acefour Accessories Pvt. Ltd.
Item Weight : 509 g
Item Dimensions LxWxH : 13.5 x 31 x 44 Centimeters
Net Quantity : 1.00 count","Acefour Accessories Pvt. Ltd., Acefour Accessories Pvt. Ltd. , Lodha Supremus Corp. Tower, Unit 1202,12th Floor,Saki Vihar road, Chandivali, Tunga Village, Opp. MTNL office, Andheri E, Mumbai -400072, Maharashtra, India"
45,https://www.amazon.in/sspa/click?ie=UTF8&spc=MTo1OTcyNjU3Mzc3MTY0NTU5OjE2Nzk0ODUyMTY6c3BfYnRmOjIwMTA1NzE1ODIxNTk4OjowOjo&url=%2Fuppercase-Professional-resistant-sustainable-Anti-theft%2Fdp%2FB0BR1C59R8%2Fref%3Dsr_1_38_sspa%3Fkeywords%3Dbags%26qid%3D1679485216%26sr%3D8-38-spons%26sp_csd%3Dd2lkZ2V0TmFtZT1zcF9idGY%26psc%3D1,"uppercase SealPro Professional Laptop Backpack (15.6 Inch) 3x more water resistant sustainable bags with rain proof zippers & Anti-theft for Men, Women, Boys and Girls, 750 Days warranty","₹1,900",4.9 out of 5,23 global ratings,"Care Instructions: Wipe with Damp Cloth
Please reach out to our customer care at +91 8691800800 or email at customercare@uppercase.co.in for warranty registration and any query regarding the product.
Handcrafted with care and made up of premium quality robust material
Padded anti-theft laptop compartment fits up to 15.6"" Laptop, Back padding with Air mesh; Pocket under flap and 2 mesh pocket inside main compartment with a bottle holder on the side
Wrinkle free bag and 3x more water resistant with Rainproof zippers; Trolley sleeve to securely place the bags on the luggage; Top Slip In Pocket
GRS certified for sustainability; The GRS (Global Recycled Standard) is intended for use with any product that contains at least 50% Recycled Material (License No. CMPY-158596); 750 days of international warranty",B0BR1C59R8,"Product Dimensions : 15 x 27.5 x 47 cm; 535 Grams
Date First Available : 24 December 2022
Manufacturer : Acefour Accessories Pvt. Ltd.
ASIN : B0BR1C59R8
Item model number : 2900EBP2BLU
Country of Origin : India
Department : unisex-adult
Manufacturer : Acefour Accessories Pvt. Ltd., Acefour Accessories Pvt. Ltd. , Lodha Supremus Corp. Tower, Unit 1202,12th Floor,Saki Vihar road, Chandivali, Tunga Village, Opp. MTNL office, Andheri E, Mumbai -400072, Maharashtra, India
Packer : Acefour Accessories Pvt. Ltd.
Item Weight : 535 g
Item Dimensions LxWxH : 15 x 27.5 x 47 Centimeters
Net Quantity : 1.00 count","Acefour Accessories Pvt. Ltd., Acefour Accessories Pvt. Ltd. , Lodha Supremus Corp. Tower, Unit 1202,12th Floor,Saki Vihar road, Chandivali, Tunga Village, Opp. MTNL office, Andheri E, Mumbai -400072, Maharashtra, India"
47,https://www.amazon.in/sspa/click?ie=UTF8&spc=MToyNDMzMTczNDk1NzEyNTA0OjE2Nzk0ODUyMjI6c3BfYXRmX25leHQ6MjAxMjE0ODk2Mzg0OTg6OjA6Og&url=%2FLOOKMUSTER-Waterproof-Backpack-College-Business%2Fdp%2FB0BS6YGKMC%2Fref%3Dsr_1_33_sspa%3Fkeywords%3Dbags%26qid%3D1679485222%26sr%3D8-33-spons%26sp_csd%3Dd2lkZ2V0TmFtZT1zcF9hdGZfbmV4dA%26psc%3D1,LOOKMUSTER Casual Waterproof Laptop Backpack/Office Bag/School Bag/College Bag/Business Bag/Travel Backpack,₹529,5 out of 5,2 global ratings,"Care Instructions: Dry Clean Only
30L Capacity: The Backpack has a padded laptop compartment that can fit 15.6 inch laptop. It can also accommodate essentials such as a Lunch box, Charger, Tablet, Books, Power Bank, Wallet, and Sunglass.
Multi-Level Organizer: The backpack has a front zipper pocket for the ID card, Sanitizer, House keys, Pen. First compartment with pockets for the earphones, pens, notebook, Fitness Band. Spacious second compartment for all your electronics. Compatible Laptop Size 16 inch
Ergonomic Design: Thick cushioning around the shoulders and on the back panel makes the backpack super light and comfortable on the move. “S” Shaped shoulder strap distribute the weight of the backpack across your upper body.
Made In India: Lookmuster Business Casual Backpack is fully manufactured in India and pass through stringent quality tests and checks
Water Resistant Material: Advanced IPX4 coating on the material ensures resistance to water entering from any direction.",B0BS6YGKMC,"Product Dimensions : 12 x 32 x 45 cm; 500 Grams
Date First Available : 12 January 2023
Manufacturer : Lookmuster
ASIN : B0BS6YGKMC
Item model number : Burfi-P
Country of Origin : India
Department : unisex-adult
Manufacturer : Lookmuster
Item Weight : 500 g
Item Dimensions LxWxH : 12 x 32 x 45 Centimeters
Net Quantity : 1.00 count",Lookmuster
52,https://www.amazon.in/Genie-Glitter-Backpack-Women-compartments/dp/B097JHQH13/ref=sr_1_38?keywords=bags&qid=1679485222&sr=8-38,"Genie Glitter Backpack for Women - 3 compartments, Laptop Bags for Girls, Stylish and Trendy College Backpacks for Girls, Water Resistant and Lightweight Bags for Office and Travelling Purpose.","₹1,099",4.3 out of 5,390 global ratings,"Made with High Quality fabric. Outer material: Nylon Twill - Soft, Durable and Water Resistant. Capacity: 36 liters, Dimensions: 48 x 33 x 23 cm Warranty: 12 months
3 Spacious compartment: Store your Books, Stationary, Accessories, Lunch boxes, etc. It will store plenty of items. Laptop Sleeve: Ensure that your laptop is stored separately and Securely! Organizer: Keep every single item separately in an arranged manner, with the help of our organizer. 2 side pocket: For holding water bottle, clipping pens or pencil or storing other items. 1 Front Pocket: Easily accessible. To keep all your essentials such as wallet, ticket, cosmetics.
Easy grab padded handle: For added comfort and convinience to hold the bag. Padded and Ergonomic Shoulder Straps: There is padded back mesh and ergonomic straps that gives extra spine and shoulder support and helps in minimizing the load after carrying the bag through a busy day at campus.This women's backpack can be carried to work, college, school, for a day out or even while you are travelling!
Light Weight yet Durable to resist the weight of textbooks, stationary, lunch boxes. Can store all your college or office stationary, without any hassle.
Stylish & Cute: This bag is designed for those Millennials and GenZ, who aren't afraid to compromise on Utility or Fashion! It is a perfect, small bag to carry all the daily essentials while using it as a trendy accessory, or a travel bag or as a college backpack.",B097JHQH13,"Product Dimensions : 23 x 33 x 48 cm; 510 Grams
Date First Available : 1 February 2022
Manufacturer : Safari
ASIN : B097JHQH13
Item model number : GLITTER19CBBLK
Country of Origin : Bangladesh
Department : girls
Manufacturer : Safari, 302-303, A Wing, The Qube CTS No.1498, A/2, Sir Mathuradas Vasanji Rd, Marol, Andheri East, Mumbai, Maharashtra 400059
Packer : 302-303, A Wing, The Qube CTS No.1498, A/2, Sir Mathuradas Vasanji Rd, Marol, Andheri East, Mumbai, Maharashtra 400059
Importer : 302-303, A Wing, The Qube CTS No.1498, A/2, Sir Mathuradas Vasanji Rd, Marol, Andheri East, Mumbai, Maharashtra 400059
Item Weight : 510 g
Item Dimensions LxWxH : 23 x 33 x 48 Centimeters
Generic Name : Casual Daypack","Safari, 302-303, A Wing, The Qube CTS No.1498, A/2, Sir Mathuradas Vasanji Rd, Marol, Andheri East, Mumbai, Maharashtra 400059"
53,https://www.amazon.in/Wesley-Spartan-Hiking-Raincover-Organiser/dp/B098QFF5TJ/ref=sr_1_39?keywords=bags&qid=1679485222&sr=8-39,Wesley Spartan Unisex Travel Hiking Laptop Bag fits Upto 17.3 inch with Raincover and Internal Organiser Backpack Rucksack College Bag,₹748,4.1 out of 5,"1,046 global ratings","Spacious : This Rucksack bag is lightweight and comes with Three main compartment having the capacity of approx 45 Ltr, big enough to carry laptop of all sizes, books, clothes, camping gear; 3 main compartments to store all your essentials, A back mesh pocket to carry extra documents and numerous small pocket to carry all your small accessories
CAPACITY & SIZE : 45 Litres; Weight: 0.9 kg ; Dimensions: 22.9cm x 36.8cm x 50.8cm ; Utility : Ideal for Travel, Hiking, Trekking & Camping, Day trip.; HIGH QUALITY : A major problem in many rucksack and travelling bags is that it get torn between your journeys or within a short period of time but this Rucksack which is made from high Quality materials, is stitched properly and has bartacks on pressure points is strong enough to hold all your items without any problem
FEATURES : Back Padding, Chest Strap, Earphone Cord Support, Unique Design, Hip Belt, Integrated Rain Cover, Laptop Compartment, Telescope Handle, Water Bottle / Umbrella Pouch, Zip Closure, Padded Handles, Padded Shoulder Strap , Breathable Mesh etc.; Closure Type: Zipper; Age Range Description: Adult
COMFORTABLE TRAVEL : Backside Honeycomb padded structure which helps you travelling comfortably all day long, provides proper air circulation while in summer also to prevent you feel more relax. Chest Strap, Hip Belt, Straight Shaped Straps structure which fits on your shoulders very comfortably makes you lift heavy objects easily.
12 Months Limited Brand Warranty",B098QFF5TJ,"Product Dimensions : 36.8 x 22.9 x 50.8 cm; 900 Grams
Date First Available : 6 July 2021
Manufacturer : Wesley
ASIN : B098QFF5TJ
Item model number : Spartan Hiking
Country of Origin : India
Department : unisex-adult
Manufacturer : Wesley, Longani Trading Company, F-82, Sector-1, Bawana Industrial Area, Delhi-110039. Ph-9560940507
Packer : Longani Trading Company, F-82, Sector-1, Bawana Industrial Area, Delhi-110039. Ph-9560940507
Item Weight : 900 g
Item Dimensions LxWxH : 36.8 x 22.9 x 50.8 Centimeters
Included Components : backpack, Raincover
Generic Name : LAPTOP BACKPACK","Wesley, Longani Trading Company, F-82, Sector-1, Bawana Industrial Area, Delhi-110039. Ph-9560940507"
55,https://www.amazon.in/Lunars-Comet-Resistant-Casual-Backpack/dp/B07WNFN1XS/ref=sr_1_41?keywords=bags&qid=1679485222&sr=8-41,Lunar's Comet 35L Water Resistant Travel Bagpack/College Backpack/School Bag/Office Bag/Business Backpack/Daypack for Men and Women with 1 Year Warranty,₹849,4 out of 5,"12,988 global ratings","STORAGE CAPACITY : The backpack for men has 3 large compartments, 1 front zip pocket and daily essentials. 1 Side Bottle Holder, 1 Internal Organiser to store pens, keys, money etc. This casual bag/laptop bag can also accommodate files and a 15.6 inch laptop/MacBook or a tablet easily. In deed a perfect all-rounder backpack for men, school bags for boys and girls, college bags for men and college bag for girls, office bag for men and women. One Bag multiple uses. Great Value !!
FEATURES & WARRANTY : Strap Type: Adjustable; Closure Type: Zipper; Color Name: Navy Blue; Pattern Name: Solid; Compartment Description: Not Laptop Compatible; Special Features: Zip Closure; Capacity: 35 liters; Number of Compartments: 3 Compartments; Water Resistance Level: Water Resistant; Age Range Description: Kid; Style Name: Traditional Backpacks; Pocket Description: Utility Pocket; Warranty Description: This laptop bag for men has 1 Year Warranty for any manufacturing defects.
DIMENSIONS :19(H) x 12.5(W) x 8.5(B) inches. This school bags for boys has heavy duty zippers and it perfectly serves the purpose of a school bag, college bag, office bag with plenty of space on the inside.
MATERIAL : This college bags for men is made from Imported 420D. It is lightweight polyester fabric. These college bag for women has tested strength of 140 Kgs. It also has 900D super strong base with foam padding for protection.
THE ULTIMATE BACKPACK FOR MEN : This laptop bag has adjustable shoulders, padded handle, quick haul loop, 3D air flow panel preventing sweat. This 35L school bags for boys/college bag for girls can accommodate a water bottle on one side pocket or also an umbrella.",B07WNFN1XS,"Product Dimensions : 31.75 x 21.59 x 48.26 cm; 440 Grams
Date First Available : 19 August 2019
Manufacturer : Lunar's
ASIN : B07WNFN1XS
Item model number : Comet
Country of Origin : India
Department : unisex-adult
Manufacturer : Lunar's, Akshaya Rubbers, Hebbal Industrial Area, Mysore
Item Weight : 440 g
Item Dimensions LxWxH : 31.8 x 21.6 x 48.3 Centimeters","Lunar's, Akshaya Rubbers, Hebbal Industrial Area, Mysore"
57,https://www.amazon.in/sspa/click?ie=UTF8&spc=MToyNDMzMTczNDk1NzEyNTA0OjE2Nzk0ODUyMjI6c3BfbXRmOjIwMTMyMTI0MjA4Mzk4OjowOjo&url=%2FHalf-Moon-Trekking-Bags-Compartment%2Fdp%2FB08PSX1LN9%2Fref%3Dsr_1_43_sspa%3Fkeywords%3Dbags%26qid%3D1679485222%26sr%3D8-43-spons%26sp_csd%3Dd2lkZ2V0TmFtZT1zcF9tdGY%26psc%3D1,Half Moon 45L Hammer Waterproof Laptop Travelling Rucksack Trekking Backpack for Travel Journey bags for Men Women Boys & Girls with 17.3inch Laptop Compartment & Rain cover,"₹1,299",4.1 out of 5,"1,013 global ratings","ROOMY ENOUGH BACKPACK FOR MEN: This laptop bag for men is ultra lightweight comes with three main compartments having the capacity of approx 45 Ltr, big enough to carry laptop of all sizes, books, clothes, camping gear; 3 main compartments to store all your essentials and 1 small front pocket to carry small accessories. It also features an Internal Organiser (small pockets inside a office bag for men / office bag for women).
COMFORTABLE TRAVEL : This backpack for men has Honeycomb padded structure which helps you travelling comfortably all day long, provides proper air circulation while in summer also to prevent you feel more relax. The laptop bag for men comes with Chest Strap, Hip Belt, Straight Shaped Straps structure which fits on your shoulders very comfortably makes you lift heavy objects easily. CAPACITY : 45L; Weight: 0.7kg ; Dimensions: 56x36x25cm ; Utility: Ideal for Travel, Hiking, Trekking & Camping.
OTHER FEATURES OF LAPTOP BAG FOR MEN: The office bag for men / office bag for women has Rain Cover, Internal Organiser (Small Pockets), Strong and durable zippers, Adjustable Shoulder Handles (Straps), 2 Bottle/Umbrella holders , Padded Handle , Padded Laptop Compartment , Ergonomic Design, Reflector Logo, etc.
QUALITY OF BACKPACK FOR MEN: A major problem in many rucksack/office bag for men is that it get torn between your journey but this laptop bag for men is strong enough to hold even the heaviest of your items without any problem. It is made up of a strong polyester material, is stitched properly, and is bartacked on every pressure point for extra strength.
OTHER FEATURES OF LAPTOP BAG FOR MEN: The office bag for men / office bag for women has Back Padding, Chest Strap, Earphone Cord Support, Unique Design, Hip Belt, Integrated Rain Cover, Laptop Compartment, Telescope Handle, Water Bottle / Umbrella Pouch, Zip Closure, Padded Handles, Padded Shoulder Strap, Breathable Mesh etc.",B08PSX1LN9,"Product Dimensions : 56 x 36 x 25 cm; 820 Grams
Date First Available : 5 December 2020
Manufacturer : AB Amazing Bags
ASIN : B08PSX1LN9
Item model number : Laptop Bag
Country of Origin : India
Department : unisex-adult
Manufacturer : AB Amazing Bags
Item Weight : 820 g
Item Dimensions LxWxH : 56 x 36 x 25 Centimeters
Generic Name : Rucksack",AB Amazing Bags
59,https://www.amazon.in/ADISA-BP004-Weight-Casual-Backpack/dp/B07G3CG9FC/ref=sr_1_45?keywords=bags&qid=1679485222&sr=8-45,ADISA Laptop Backpack 31 Ltrs,₹499,4 out of 5,"9,085 global ratings","Adjustable Shoulder Handles / Two Bottle holders / Padded Top Handle / Reflector Logo
NOT INCLUDED: NO RAINCOVER, Headphone & Cable (Images only for display)
Laptop Size : 15.6 inches and below (Bigger than 15.6 inches not recommended)
Compartments: 2 with full padding; Front Easy-Access Pocket
Dimensions : L x W x H- 12 x 7 x 18 inches",B07G3CG9FC,"Product Dimensions : 30.5 x 17.8 x 45.7 cm; 430 Grams
Date First Available : 26 July 2018
Manufacturer : ADISA
ASIN : B07G3CG9FC
Item model number : BP004
Country of Origin : India
Department : Men
Manufacturer : ADISA, ADISA INTERNATIONAL, 42/34, Upper Ground Floor, DLF Industrial Area, Kirti Nagar, New Delhi 110015, careadisa@gmail.com
Packer : ADISA INTERNATIONAL, 42/34, Upper Ground Floor, DLF Industrial Area, Kirti Nagar, New Delhi 110015, careadisa@gmail.com
Item Weight : 430 g
Item Dimensions LxWxH : 30.5 x 17.8 x 45.7 Centimeters
Net Quantity : 1.00 Unit
Included Components : Laptop backpack only
Generic Name : Laptop backpack","ADISA, ADISA INTERNATIONAL, 42/34, Upper Ground Floor, DLF Industrial Area, Kirti Nagar, New Delhi 110015, careadisa@gmail.com"
62,https://www.amazon.in/American-Tourister-BACKPACK-COMPARTMENT-ORGANIZER/dp/B0BTD4S4XF/ref=sr_1_48?keywords=bags&qid=1679485222&sr=8-48,"American Tourister VALEX BLACK LAPTOP BACKPACK 28 Ltrs,Volume, LAPTOP COMPARTMENT, BOTTLE POCKET, FRONT ORGANIZER","₹1,299",4.1 out of 5,8 global ratings,"Care Instructions: Hand Wash Only
Well Organized compartment ,Security Back Pocket",B0BTD4S4XF,"Product Dimensions : 20 x 32.5 x 47.5 cm; 510 Grams
Date First Available : 30 January 2023
Manufacturer : EXPERTS
ASIN : B0BTD4S4XF
Item model number : LT9 (0) 09 002
Country of Origin : China
Department : mens
Manufacturer : EXPERTS, China
Packer : China
Importer : Importer Name ltd., Street No. 24/4, New Delhi, India - 110011, Contact: +91-111-000-2400, service@importer.com
Item Weight : 510 g
Item Dimensions LxWxH : 20 x 32.5 x 47.5 Centimeters
Generic Name : BACKPACK","EXPERTS, China"
63,https://www.amazon.in/ZIPLINE-Polyester-Backpack-Children-Daypack/dp/B07XVMR33Q/ref=sr_1_49?keywords=bags&qid=1679485222&sr=8-49,Zipline Unisex casual polyester 36 L Backpack School Bag Women Men Boys Girls children Daypack College Bag Book School Sports Bag Weekend Bag,₹834,4 out of 5,"5,136 global ratings","MULTI-FUNCTION COMPARTMENT: ZIPLINE backpack for men features with multiple storage compartments and for additional supplies and accessories such as your, iPhone, iPad, pen, keys, wallet, books, clothes, bottle, passport and more.
DURABLE MATERIAL: The school bag for boys is made up of superior quality which is durable, eco-friendly waterproof and anti-scratch polyester and featuring a reinforced bottom to withstand heavy use, perfect for business, travel, school and other outdoor activities.
COMFORTABLE DESIGN: Our school bag for boys ""S"" Curve is adjustable, heavily padded shoulder straps and back panel make the school bag more comfortable to wear even when loaded with all your gear; Compact: Backpack for men has a roomy three compartment, front zipper pockets to hold small accessories, one internal security zippered pocket for valuable items and side pockets for water bottle or umbrella and thus it is best school bags for boys.
Size:18*13*9 inch(L*W*H), Capacity: The college bag has capacity of 36.5L which is bigger than others of the same style. Good size for school bags, college bag, camping, travel, shopping, hiking, climbing, vintage backpack for men and women.; Age Range Description: Kid; Special Features: Water Bottle Umbrella Pouch; Pocket Description: Utility Pocket
Compartment Description: The backpack for men is not laptop compatible; Warranty Description: 1 Year From The Date Of Purchase, Water Resistance Level: Waterproof",B07XVMR33Q,"Product Dimensions : 45.72 x 33.02 x 22.86 cm; 440 Grams
Date First Available : 12 September 2019
Manufacturer : Atulitu Agency
ASIN : B07XVMR33Q
Item part number : Flame-Blu
Country of Origin : India
Department : unisex-adult
Manufacturer : Atulitu Agency, ,251/3364, Tagore Nagar - 1, Vikhroli East, Mumbai - 400083 (9820078070)
Packer : Atulitu Agency,251/3364, Tagore Nagar - 1, Vikhroli East, Mumbai - 400083 (9820078070)
Item Weight : 440 g
Item Dimensions LxWxH : 45.7 x 33 x 22.9 Centimeters
Net Quantity : 1.00 Unit","Atulitu Agency, ,251/3364, Tagore Nagar - 1, Vikhroli East, Mumbai - 400083 (9820078070)"
64,https://www.amazon.in/Arctic-Fox-Liters-String-Backpack/dp/B08L6Q9V1H/ref=sr_1_50?keywords=bags&qid=1679485222&sr=8-50,Arctic Fox 15 Liters Draw String Bag Lavender Backpack,₹222,4.3 out of 5,"2,948 global ratings","Care Instructions: Hand Wash Only
Fabric :: 600D Oxford PU coated; Compartments : 1 Ccompartment and 1 front pocket :: Zipper : #5 SBS Nylon Zipper and Runner Puller<br>
Included Items :: Drawstring Backpack<br>
Dimensions : LxWxD : 46 X 32 X 10 cm, Capacity : 15 Liters<br>
Warranty: 1 year Warranty against manufacturing defects..<br>
Pocket Description: Utility Pocket; Compartment Description: Not Laptop Compatible; Strap Type: Shoulder Strap; Water Resistance Level: Not Water Resistant; Special Features: Checkpoint Friendly; Pattern Name: Solid; Age Range Description: Adult; Lining Description: Polyester<br>",B08L6Q9V1H,"Product Dimensions : 46 x 32 x 10 cm; 190 Grams
Date First Available : 14 October 2020
Manufacturer : Arctic Fox
ASIN : B08L6Q9V1H
Item model number : FTEBPKMULW109015BLACK
Country of Origin : India
Department : unisex-adult
Manufacturer : Arctic Fox, Outshiny India Pvt. Ltd. No.17, Ganesh Nagar, 8th B Cross Narayanappa Layout, Kodigehalli Bengaluru - 560097..
Packer : Outshiny India Pvt. Ltd., No.17, Ganesh Nagar, 8th B Cross,Narayanappa Layout, Kodigehalli,Bengaluru - 560097.
Item Weight : 190 g
Item Dimensions LxWxH : 46 x 32 x 10 Centimeters
Net Quantity : 1.00 count
Generic Name : Drawstring","Arctic Fox, Outshiny India Pvt. Ltd. No.17, Ganesh Nagar, 8th B Cross Narayanappa Layout, Kodigehalli Bengaluru - 560097.."
65,https://www.amazon.in/DZert-Fabric-Multicolour-Spiderman-Printed/dp/B07BNS3KNX/ref=sr_1_51?keywords=bags&qid=1679485222&sr=8-51,DZert Kids School Bag Soft Plush Backpacks Cartoon Boys Girls Baby (2-5 Years),₹239,3.8 out of 5,"1,400 global ratings",trap Type: Shoulder Strap; Color Name: Red; Warranty Description: No Warranty; Water Resistance Level: Not Water Resistant; Closure Type: Zipper,B07BNS3KNX,"Is Discontinued By Manufacturer : No
Product Dimensions : 5.31 x 33.5 x 42.19 cm; 170 Grams
Date First Available : 22 March 2018
Manufacturer : Rushi Enterprise
ASIN : B07BNS3KNX
Item model number : FA-SPIDER-2
Country of Origin : India
Department : Unisex Kids
Manufacturer : Rushi Enterprise, Rushi Enterprise, Gujarat Amreli (INDIA)-365601 Mo- 7016045876
Packer : Rushi Enterprise, Gujarat Amreli (INDIA)-365601 Mo- 7016045876
Item Weight : 170 g
Item Dimensions LxWxH : 5.3 x 33.5 x 42.2 Centimeters
Net Quantity : 1 Count
Included Components : Kids Bag
Generic Name : Kids Bag","Rushi Enterprise, Rushi Enterprise, Gujarat Amreli (INDIA)-365601 Mo- 7016045876"
67,https://www.amazon.in/sspa/click?ie=UTF8&spc=MToyNDMzMTczNDk1NzEyNTA0OjE2Nzk0ODUyMjI6c3BfYnRmOjIwMTA4NDc1MDc0Njk4OjowOjo&url=%2Fuppercase-Professional-Backpack-resistant-sustainable%2Fdp%2FB0BRMWDNZ7%2Fref%3Dsr_1_53_sspa%3Fkeywords%3Dbags%26qid%3D1679485222%26sr%3D8-53-spons%26sp_csd%3Dd2lkZ2V0TmFtZT1zcF9idGY%26psc%3D1,"uppercase 26 Ltrs Ryder Professional Laptop Backpack (15.6 Inch) 3x more water resistant sustainable bags with rain proof zippers for Men, Women, Boys and Girls, 750 Days warranty","₹2,400",4.7 out of 5,19 global ratings,"Care Instructions: Wipe with Damp Cloth
Please reach out to our customer care at +91 8691800800 or email at customercare@uppercase.co.in for warranty registration and any query regarding the product.
Handcrafted with care and made up of premium quality robust material
Padded laptop compartment fits up to 15.6"" Laptop, Tablet Sleeve; Back padding with Air mesh; Front access pocket for you to easily carry important small items with a bottle holder on the side
Wrinkle free bag and 3x more water resistant with Rainproof zippers; Trolley sleeve to securely place the bags on the luggage; Top Gadget Pocket; Internal Organiser
GRS certified for sustainability; The GRS (Global Recycled Standard) is intended for use with any product that contains at least 50% Recycled Material (License No. CMPY-158596); 750 days of international warranty",B0BRMWDNZ7,"Product Dimensions : 17 x 31 x 49.5 cm; 750 Grams
Date First Available : 4 January 2023
Manufacturer : Acefour Accessories Pvt. Ltd.
ASIN : B0BRMWDNZ7
Item model number : 3600EBP1BLK
Country of Origin : India
Department : unisex-adult
Manufacturer : Acefour Accessories Pvt. Ltd., Acefour Accessories Pvt. Ltd. , Lodha Supremus Corp. Tower, Unit 1202,12th Floor,Saki Vihar road, Chandivali, Tunga Village, Opp. MTNL office, Andheri E, Mumbai -400072, Maharashtra, India
Packer : Acefour Accessories Pvt. Ltd.
Item Weight : 750 g
Item Dimensions LxWxH : 17 x 31 x 49.5 Centimeters
Net Quantity : 1.00 count","Acefour Accessories Pvt. Ltd., Acefour Accessories Pvt. Ltd. , Lodha Supremus Corp. Tower, Unit 1202,12th Floor,Saki Vihar road, Chandivali, Tunga Village, Opp. MTNL office, Andheri E, Mumbai -400072, Maharashtra, India"
68,https://www.amazon.in/sspa/click?ie=UTF8&spc=MToyNDMzMTczNDk1NzEyNTA0OjE2Nzk0ODUyMjI6c3BfYnRmOjIwMDYzNzg0NDU4MDk4OjowOjo&url=%2Fuppercase-Backpack-2300EBP1-repellent-sustainable%2Fdp%2FB0B68Z3X7D%2Fref%3Dsr_1_54_sspa%3Fkeywords%3Dbags%26qid%3D1679485222%26sr%3D8-54-spons%26sp_csd%3Dd2lkZ2V0TmFtZT1zcF9idGY%26psc%3D1,"uppercase Medium 17 Ltrs Vegan Leather (upto 14 inch) Laptop Backpack 2300EBP1 3x more water resistant sustainable bags with rain proof zippers for Men, Women, Boys and Girls, 750 Days warranty","₹1,600",4 out of 5,374 global ratings,Handcrafted with care and made up of premium quality robust material,B0B68Z3X7D,"Product Dimensions : 28.2 x 14.1 x 42.2 cm; 5.02 Grams
Date First Available : 11 July 2022
Manufacturer : Acefour Accessories Pvt. Ltd.
ASIN : B0B68Z3X7D
Item model number : 2300EBP1BLU
Country of Origin : India
Department : unisex-adult
Manufacturer : Acefour Accessories Pvt. Ltd., Acefour Accessories Pvt. Ltd. , Lodha Supremus Corp. Tower, Unit 1202,12th Floor,Saki Vihar road, Chandivali, Tunga Village, Opp. MTNL office, Andheri E, Mumbai -400072, Maharashtra, India
Item Weight : 5.02 g
Item Dimensions LxWxH : 28.2 x 14.1 x 42.2 Centimeters
Net Quantity : 1.00 count","Acefour Accessories Pvt. Ltd., Acefour Accessories Pvt. Ltd. , Lodha Supremus Corp. Tower, Unit 1202,12th Floor,Saki Vihar road, Chandivali, Tunga Village, Opp. MTNL office, Andheri E, Mumbai -400072, Maharashtra, India"
